Num,Sat,ValX,ValY
1,5,0,0
1,5,255,17.26
2,5,0,0
2,5,255,17.2
3,5,0,-0.68
3,5,255,0.68
7,5,0,0
7,5,255,1030
8,5,0,0
8,5,6,14.5
8,5,48,114.5
8,5,93,214.5
8,5,135,314.5
8,5,255,510
10,5,0,0
10,5,255,1030
15,5,0,160
15,5,23,140
15,5,34,125
15,5,50,109.5
15,5,68,97
15,5,85,88
15,5,204,40
15,5,230,24
15,5,247,10
15,5,255,0
19,5,33,99.99
19,5,35,95
19,5,37,90
19,5,43,85
19,5,48,80
19,5,55,75
19,5,154,40
19,5,171,35
19,5,177,30
19,5,181,25
21,5,22,70
21,5,31,60
21,5,41,50
21,5,57,40
21,5,82,30
21,5,109,20
21,5,140,10
21,5,165,0
21,5,200,-10
21,5,255,-40
27,5,5,150
27,5,12,115
27,5,21,95
27,5,34,80
27,5,54,65
27,5,85,50
27,5,178,20
27,5,213,5
27,5,235,-10
27,5,255,-30
28,5,0,-0.2788
28,5,82,-0.1
28,5,128,0
28,5,175,0.1
28,5,255,0.2733
29,5,0,-0.2744
29,5,81,-0.1
29,5,128,0
29,5,175,0.1
29,5,255,0.2687
30,5,0,0
30,5,255,255
31,5,0,0
31,5,255,6.89
32,5,46,70
32,5,86,200
32,5,150,400
32,5,255,676
41,5,86,-140
41,5,101,-120
41,5,116,-100
41,5,145,-60
41,5,171,-20
41,5,184,0
41,5,196,20
41,5,220,60
41,5,243,100
41,5,255,121
47,5,21,75
47,5,36,60
47,5,46,50
47,5,98,25
47,5,174,0
47,5,225,-20
47,5,250,-33
48,5,8,163
48,5,16,143
48,5,35,113
48,5,61,93
48,5,100,73
48,5,151,43
48,5,198,33
48,5,229,13
48,5,245,-7
48,5,251,-27
60,5,0,0
60,5,255,6.24
61,5,0,0
61,5,221,15
61,5,255,17.26
62,5,43,0.1
62,5,120,0.5
62,5,162,0.694
62,5,255,1.15
63,5,40,55
63,5,47,50
63,5,55,45
63,5,63,40
63,5,74,35
63,5,86,30
63,5,142,10
63,5,189,-5
63,5,214,-15
63,5,233,-25
66,5,3,0
66,5,70,1000
66,5,143,2000
66,5,255,3570
67,5,3,0
67,5,70,1000
67,5,140,2000
67,5,255,3639
68,5,3,0
68,5,75,1000
68,5,152,2000
68,5,255,3350
69,5,3,0
69,5,71,300
69,5,165,700
69,5,255,1078
78,5,0,0
78,5,255,6.216
79,5,0,0
79,5,255,6.222
80,5,0,0
80,5,255,33.17
81,5,0,0
81,5,255,14.71
82,5,0,0
82,5,255,11.29
83,5,0,0
83,5,250,5.86
83,5,255,5.98
84,5,0,0
84,5,255,27.18
85,5,0,0
85,5,255,6.233
86,5,0,0
86,5,255,6.227
87,5,21,75
87,5,31,63.43
87,5,40,55.26
87,5,46,50.91
87,5,55,45.22
87,5,64,40.12
87,5,76,34.54
87,5,87,29.69
87,5,175,0.58
87,5,216,-14.89
87,5,244,-30.53
88,5,0,0
88,5,70,6.78
88,5,124,11.8
88,5,137,13
88,5,155,14.65
88,5,159,15
88,5,169,16
88,5,180,17
88,5,193,18.2
88,5,255,24.05
89,5,83,35
89,5,95,29
89,5,104,25
89,5,115,21
89,5,133,15
89,5,151,10
89,5,170,5
89,5,191,0
89,5,212,-5
89,5,234,-10
90,5,0,0
90,5,3,0
90,5,13,0.073
90,5,78,0.467
90,5,116,0.697
90,5,255,1.603
91,5,0,0
91,5,1,0
91,5,255,17.65
92,5,102,-120
92,5,117,-100
92,5,145,-60
92,5,172,-20
92,5,185,0
92,5,198,20
92,5,222,60
92,5,245,100
92,5,255,120
93,5,82,35
93,5,94,29
93,5,103,25
93,5,114,21
93,5,132,15
93,5,150,10
93,5,169,5
93,5,190,0
93,5,211,-5
93,5,233,-10
94,5,0,0
94,5,255,6.221
95,5,0,0
95,5,255,6.232
96,5,0,0
96,5,1,0
96,5,255,16.8
97,5,0,0
97,5,255,15.53
98,5,0,0
98,5,255,27.15
99,5,0,0
99,5,3,0
99,5,13,0.068
99,5,78,0.469
99,5,116,0.698
99,5,255,1.573
100,5,0,0
100,5,255,6.216
101,5,0,0
101,5,3,0
101,5,8,200
101,5,20,487
101,5,42,1008
101,5,83,1990
101,5,125,3001
101,5,167,4001
101,5,209,5004
101,5,255,6122
104,5,0,-138.6
104,5,28,-152.4
104,5,57,-161.8
104,5,85,-169.1
104,5,113,-175.4
104,5,142,-181.3
104,5,170,-186.7
104,5,198,-191.8
104,5,227,-197.2
104,5,255,-202.5
105,5,0,0
105,5,255,15.3
106,5,0,-19.25
106,5,240,0
106,5,255,1.2
107,5,0,0
107,5,200,9.33
107,5,210,9.79
107,5,214,9.97
107,5,254,11.83
107,5,255,28
109,5,0,0
109,5,175,7
109,5,249,9.96
112,5,0,0
112,5,255,5.1
113,5,57,89.96
113,5,85,72.85
113,5,113,59.7
113,5,142,47.76
113,5,170,36.5
113,5,198,24.18
113,5,227,7.35
113,5,255,-37.39
114,5,0,7.99
114,5,28,9.36
114,5,57,10.76
114,5,85,12.1
114,5,113,13.44
114,5,142,14.81
114,5,170,16.13
114,5,198,17.46
114,5,227,18.84
114,5,255,20.18
115,5,0,15.85
115,5,28,17.17
115,5,57,18.54
115,5,85,19.88
115,5,113,21.22
115,5,142,22.62
115,5,170,23.99
115,5,198,25.38
115,5,227,26.83
115,5,255,28.26
116,5,0,23.72
116,5,28,25.01
116,5,57,26.37
116,5,85,27.7
116,5,113,29.05
116,5,142,30.48
116,5,170,31.88
116,5,198,33.31
116,5,227,34.82
116,5,255,36.31
117,5,0,-73.92
117,5,28,-41.01
117,5,57,-28.79
117,5,85,-20.07
117,5,113,-12.33
117,5,142,-4.41
117,5,170,3.87
117,5,198,13.8
117,5,227,28.45
117,5,255,59.37
118,5,1,-62.33
118,5,28,-12.37
118,5,57,2.21
118,5,85,11.67
118,5,113,19.26
118,5,142,26.1
118,5,170,32.14
118,5,198,37.89
118,5,227,43.73
118,5,255,49.4
119,5,1,-61.02
119,5,28,-10.75
119,5,57,3.9
119,5,85,13.39
119,5,113,21
119,5,142,27.85
119,5,170,33.9
119,5,198,39.65
119,5,227,45.49
119,5,255,51.15
120,5,1,-62.63
120,5,28,-13.19
120,5,57,1.28
120,5,85,10.66
120,5,113,18.18
120,5,142,24.94
120,5,170,30.91
120,5,198,36.59
120,5,227,42.34
120,5,255,47.93
121,5,1,-61.94
121,5,28,-12.57
121,5,57,1.84
121,5,85,11.18
121,5,113,18.67
121,5,142,25.41
121,5,170,31.36
121,5,198,37.01
121,5,227,42.75
121,5,255,48.32
122,5,1,-62.45
122,5,28,-12.68
122,5,57,1.83
122,5,85,11.22
122,5,113,18.76
122,5,142,25.54
122,5,170,31.52
122,5,198,37.21
122,5,227,42.99
122,5,255,48.59
123,5,1,-61.81
123,5,28,-12.31
123,5,57,2.07
123,5,85,11.38
123,5,113,18.85
123,5,142,25.57
123,5,170,31.5
123,5,198,37.14
123,5,227,42.87
123,5,255,48.43
124,5,0,-172.6
124,5,28,-167.8
124,5,57,-162.8
124,5,85,-157.6
124,5,113,-152.1
124,5,142,-145.6
124,5,170,-138.4
124,5,198,-129.6
124,5,227,-117.3
124,5,255,-99.2
125,5,1,-55.12
125,5,28,-1.13
125,5,57,15.05
125,5,85,26.08
125,5,113,35.54
125,5,142,44.8
125,5,170,53.9
125,5,198,63.82
125,5,227,75.99
125,5,255,91.58
126,5,0,21.24
126,5,28,22.72
126,5,57,24.27
126,5,85,25.78
126,5,113,27.32
126,5,142,28.95
126,5,170,30.55
126,5,198,32.19
126,5,227,33.93
126,5,255,37.67
127,5,0,11.7
127,5,28,13.24
127,5,57,14.82
127,5,85,16.36
127,5,113,17.89
127,5,142,19.49
127,5,170,21.04
127,5,198,22.61
127,5,227,24.26
127,5,255,25.87
128,5,0,1.86
128,5,28,3.49
128,5,57,5.14
128,5,85,6.7
128,5,113,8.24
128,5,142,9.81
128,5,170,11.31
128,5,198,12.8
128,5,227,14.33
128,5,255,15.81
131,5,0,0
131,5,250,13.51
131,5,255,13.78
132,5,35,75
132,5,50,275
132,5,100,860
132,5,125,1120
132,5,150,1400
132,5,200,1950
132,5,250,2500
132,5,255,2550
133,5,0,0
133,5,248,6.553
133,5,255,6.737
134,5,0,60.86
134,5,28,62.48
134,5,57,64.16
134,5,85,65.78
134,5,113,67.43
134,5,142,69.17
134,5,170,70.91
134,5,198,72.69
134,5,227,74.61
134,5,255,76.53
135,5,0,70.55
135,5,28,72.21
135,5,57,73.99
135,5,85,75.76
135,5,113,77.6
135,5,142,79.56
135,5,170,81.52
135,5,198,83.53
135,5,227,85.66
135,5,255,87.74
136,5,0,49.88
136,5,28,52.08
136,5,57,54.18
136,5,85,56.05
136,5,113,57.83
136,5,142,59.58
136,5,170,61.23
136,5,198,62.86
136,5,227,64.53
136,5,255,66.16
144,5,0,0
144,5,255,5.1
145,5,22,0
145,5,255,2.77
150,5,0,0
150,5,255,99.99
160,5,0,0
160,5,50,1
160,5,120,2.4
160,5,175,3.5
160,5,230,4.6
193,5,0,-120
193,5,185,-120
193,5,191,-118
193,5,199,-115
193,5,203,-113
193,5,209,-110
193,5,211,-108
193,5,222,-100
193,5,230,-90
193,5,241,-70
193,5,245,-50
193,5,255,-50
195,5,0,0
195,5,170,2160
195,5,255,3240
196,5,0,0
196,5,141,2097
196,5,255,3792
197,5,32,60
197,5,58,45
197,5,80,35
197,5,107,25
197,5,130,15
197,5,157,5
197,5,195,-10
197,5,203,-15
197,5,220,-25
197,5,233,-40
199,5,86,150
199,5,93,120
199,5,98,100
199,5,109,50
199,5,116,20
199,5,120,0
199,5,124,-20
199,5,130,-50
199,5,139,-100
199,5,149,-150
200,5,211,-120
200,5,212,-118
200,5,217,-115
200,5,220,-113
200,5,223,-110
200,5,225,-108
200,5,233,-100
200,5,239,-90
200,5,245,-70
200,5,248,-50
194,5,205,-120
194,5,211,-118
194,5,216,-115
194,5,219,-113
194,5,223,-110
194,5,226,-108
194,5,233,-100
194,5,238,-90
194,5,244,-70
194,5,247,-50
1,6,0,0
1,6,255,17.1
2,6,0,0
2,6,255,17.17
3,6,0,-0.7
3,6,255,0.067
7,6,0,0
7,6,255,1030
8,6,0,8.7
8,6,3,14.5
8,6,52,111.3
8,6,102,211.3
8,6,153,313.8
8,6,174,354.9
8,6,255,510
10,6,0,0
10,6,255,1030
15,6,0,160
15,6,23,140
15,6,34,125
15,6,50,109.5
15,6,68,97
15,6,85,88
15,6,204,40
15,6,230,24
15,6,247,10
15,6,255,0
19,6,33,99.99
19,6,35,95
19,6,37,90
19,6,43,85
19,6,48,80
19,6,55,75
19,6,154,40
19,6,171,35
19,6,177,30
19,6,181,25
21,6,22,70
21,6,31,60
21,6,41,50
21,6,57,40
21,6,82,30
21,6,109,20
21,6,140,10
21,6,165,0
21,6,200,-10
21,6,255,-40
27,6,5,150
27,6,12,115
27,6,21,95
27,6,34,80
27,6,54,65
27,6,85,50
27,6,178,20
27,6,213,5
27,6,235,-10
27,6,255,-30
28,6,0,-0.2853
28,6,83,-0.1
28,6,128,0
28,6,173,0.1
28,6,255,0.2795
29,6,0,-0.2851
29,6,83,-0.1
29,6,128,0
29,6,173,0.1
29,6,255,0.2792
30,6,0,0
30,6,255,255
31,6,0,0
31,6,255,6.74
32,6,47,74
32,6,150,399
32,6,255,710
41,6,86,-140
41,6,101,-120
41,6,116,-100
41,6,145,-60
41,6,171,-20
41,6,184,0
41,6,196,20
41,6,220,60
41,6,243,100
41,6,255,121
47,6,21,75
47,6,36,60
47,6,46,50
47,6,98,25
47,6,174,0
47,6,225,-20
47,6,250,-33
48,6,8,163
48,6,16,143
48,6,35,113
48,6,61,93
48,6,100,73
48,6,151,43
48,6,198,33
48,6,229,13
48,6,245,-7
48,6,251,-27
60,6,0,0
60,6,255,6.194
61,6,0,0
61,6,221,15
61,6,255,17.22
62,6,35,0
62,6,44,0.11
62,6,166,0.703
62,6,255,1.1
63,6,34,59.82
63,6,47,50
63,6,55,45
63,6,63,40
63,6,98,25
63,6,127,15
63,6,174,0
63,6,214,-15
63,6,240,-30
63,6,247,-35.17
66,6,3,0
66,6,72,1000
66,6,145,2000
66,6,194,2750
66,6,255,3609
67,6,3,0
67,6,71,1000
67,6,141,2000
67,6,212,3000
67,6,255,3603
68,6,3,0
68,6,97,1000
68,6,144,2000
68,6,199,2750
68,6,255,3510
69,6,3,0
69,6,22,100
69,6,72,300
69,6,120,500
69,6,167,700
69,6,205,850
69,6,255,1057
78,6,0,0
78,6,255,6.211
79,6,0,0
79,6,255,6.212
80,6,0,0
80,6,255,33.2
81,6,0,0
81,6,255,14.86
82,6,0,0
82,6,255,10.25
83,6,0,0
83,6,250,5.86
83,6,255,5.98
84,6,0,0
84,6,255,26.97
85,6,0,0
85,6,255,6.202
86,6,0,0
86,6,255,6.211
87,6,31,63.43
87,6,40,55.26
87,6,46,50.91
87,6,55,45.22
87,6,64,40.12
87,6,76,34.54
87,6,87,29.69
87,6,175,0.58
87,6,216,-14.89
87,6,244,-30.53
88,6,0,0
88,6,255,24.01
89,6,81,34
89,6,93,28
89,6,102,24
89,6,113,20
89,6,131,14
89,6,149,9
89,6,168,4
89,6,189,-1
89,6,210,-6
89,6,232,-11
90,6,0,0
90,6,3,0
90,6,12,0.067
90,6,13,0.073
90,6,78,0.471
90,6,116,0.707
90,6,255,1.561
91,6,0,0
91,6,3,0
91,6,5,0.17
91,6,255,15.79
92,6,102,-120
92,6,117,-100
92,6,145,-60
92,6,172,-20
92,6,185,0
92,6,198,20
92,6,222,60
92,6,245,100
92,6,255,120
93,6,83,34.5
93,6,95,28.5
93,6,104,24.5
93,6,115,20.5
93,6,133,14.5
93,6,151,9.5
93,6,170,4.5
93,6,191,-0.5
93,6,212,-5.5
93,6,234,-10.5
94,6,0,0
94,6,255,6.195
95,6,0,0
95,6,255,6.199
96,6,0,0
96,6,3,0
96,6,5,0.3
96,6,255,15.51
97,6,0,0
97,6,255,15.06
98,6,0,0
98,6,255,27.01
99,6,0,0
99,6,3,0
99,6,12,0.069
99,6,13,0.075
99,6,78,0.476
99,6,116,0.71
99,6,255,1.525
100,6,0,0
100,6,255,6.213
101,6,0,0
101,6,3,0
101,6,8,200
101,6,20,487
101,6,42,1008
101,6,83,1990
101,6,125,3001
101,6,167,4001
101,6,209,5004
101,6,255,6122
104,6,0,-136.6
104,6,28,-150.7
104,6,56,-160.1
104,6,84,-168.1
104,6,113,174.8
104,6,140,-180.9
104,6,169,-186.6
104,6,197,-191.8
104,6,226,-196.7
104,6,255,-201.4
105,6,0,0
105,6,255,15.3
106,6,0,-19.47
106,6,240,-0.28
106,6,255,0.92
107,6,0,0
107,6,200,9.33
107,6,210,9.79
107,6,214,9.97
107,6,254,11.83
107,6,255,28
109,6,0,0
109,6,175,7
109,6,249,9.96
112,6,0,0
112,6,255,5.1
113,6,56,91
113,6,84,73.1
113,6,113,59.91
113,6,140,48.32
113,6,169,36.61
113,6,197,24.23
113,6,226,8.06
113,6,255,-37.49
113,6,0,0
113,6,0,0
114,6,0,8.1
114,6,28,9.46
114,6,56,10.81
114,6,84,12.19
114,6,113,13.51
114,6,140,14.84
114,6,169,16.2
114,6,197,17.52
114,6,226,18.84
114,6,255,20.22
115,6,0,15.91
115,6,28,17.23
115,6,56,18.55
115,6,84,19.92
115,6,113,21.26
115,6,140,22.6
115,6,169,24.01
115,6,197,25.39
115,6,226,26.78
115,6,255,28.25
116,6,0,23.77
116,6,28,25.06
116,6,56,26.36
116,6,84,27.73
116,6,113,29.07
116,6,140,30.44
116,6,169,31.88
116,6,197,33.3
116,6,226,34.75
116,6,255,36.29
117,6,0,-76.94
117,6,28,-43.36
117,6,56,-31.58
117,6,84,-22.59
117,6,113,-14.92
117,6,140,-7.36
117,6,169,1.12
117,6,197,10.97
117,6,226,24.86
117,6,255,56.09
118,6,1,-66.48
118,6,28,-10.89
118,6,56,2.54
118,6,84,11.76
118,6,113,18.89
118,6,140,25.17
118,6,169,31.22
118,6,197,36.87
118,6,226,42.52
118,6,255,48.55
119,6,1,-68.72
119,6,28,-13.55
119,6,56,-0.47
119,6,84,8.46
119,6,113,15.37
119,6,140,21.46
119,6,169,27.31
119,6,197,32.78
119,6,226,38.26
119,6,255,44.11
120,6,1,-68.61
120,6,28,-13.46
120,6,56,-0.24
120,6,84,8.8
120,6,113,15.78
120,6,140,21.93
120,6,169,27.83
120,6,197,33.34
120,6,226,38.84
120,6,255,44.71
121,6,1,-67.56
121,6,28,-13.46
121,6,56,-0.18
121,6,84,8.91
121,6,113,15.94
121,6,140,22.11
121,6,169,28.02
121,6,197,33.53
121,6,226,39.02
121,6,255,44.85
122,6,1,-68.27
122,6,28,-13.29
122,6,56,-0.04
122,6,84,9.02
122,6,113,16.01
122,6,140,22.16
122,6,169,28.06
122,6,197,33.57
122,6,226,39.06
122,6,255,44.91
123,6,1,-65.99
123,6,28,-13.5
123,6,56,-0.06
123,6,84,9.15
123,6,113,16.22
123,6,140,22.39
123,6,169,28.27
123,6,197,33.69
123,6,226,39.05
123,6,255,44.68
124,6,0,-173.3
124,6,28,-168.8
124,6,56,-163.9
124,6,84,-158.3
124,6,113,-152.2
124,6,140,-145.4
124,6,169,-137.3
124,6,197,-127.9
124,6,226,-115.7
124,6,255,-89.4
125,6,1,-54.75
125,6,28,-0.82
125,6,57,15.5
125,6,85,26.62
125,6,113,36.14
125,6,142,45.43
125,6,170,54.53
125,6,198,64.41
125,6,227,76.44
125,6,255,91.73
126,6,0,20.66
126,6,28,22.13
126,6,56,23.63
126,6,84,25.21
126,6,113,26.77
126,6,140,28.38
126,6,169,30.09
126,6,197,31.79
126,6,226,33.55
126,6,255,35.45
127,6,0,11.1
127,6,28,12.65
127,6,56,14.18
127,6,84,15.76
127,6,113,17.29
127,6,140,18.82
127,6,169,20.42
127,6,197,21.98
127,6,226,23.58
127,6,255,25.26
128,6,0,0.65
128,6,28,2.49
128,6,56,4.24
128,6,84,5.98
128,6,113,7.59
128,6,140,9.15
128,6,169,10.74
128,6,197,12.24
128,6,226,13.73
128,6,255,15.25
131,6,0,0
131,6,250,13.51
131,6,255,13.78
132,6,35,75
132,6,50,275
132,6,100,860
132,6,125,1120
132,6,150,1400
132,6,200,1950
132,6,250,2500
132,6,255,2550
133,6,0,0
133,6,248,6.553
133,6,255,6.737
134,6,0,61.67
134,6,28,63.39
134,6,56,65.12
134,6,84,66.92
134,6,113,68.66
134,6,140,70.42
134,6,169,72.25
134,6,197,74.04
134,6,226,75.86
134,6,255,77.77
135,6,0,71.94
135,6,28,73.61
135,6,56,75.31
135,6,84,77.09
135,6,113,78.83
135,6,140,80.61
135,6,169,82.5
135,6,197,84.36
135,6,226,86.27
135,6,255,88.32
136,6,0,51.48
136,6,28,53.24
136,6,56,54.99
136,6,84,56.79
136,6,113,58.52
136,6,140,60.25
136,6,169,62.04
136,6,197,63.77
136,6,226,65.51
136,6,255,67.31
144,6,0,0
144,6,255,5.1
145,6,0,0
145,6,15,0
145,6,255,2.64
150,6,0,0
150,6,255,99.99
160,6,0,0
160,6,50,1
160,6,120,2.4
160,6,175,3.5
160,6,230,4.6
193,6,88,150
193,6,96,120
193,6,101,100
193,6,113,50
193,6,120,20
193,6,124,0
193,6,128,-20
193,6,134,-50
193,6,143,-100
193,6,151,-150
195,6,0,0
195,6,90,1914
195,6,255,5423
196,6,0,0
196,6,112,2070
196,6,255,4712
197,6,32,60
197,6,58,45
197,6,80,35
197,6,107,25
197,6,130,15
197,6,157,5
197,6,195,-10
197,6,203,-15
197,6,220,-25
197,6,233,-40
199,6,96,150
199,6,103,120
199,6,107,100
199,6,118,50
199,6,124,20
199,6,128,0
199,6,132,-20
199,6,138,-50
199,6,147,-100
199,6,157,-150
200,6,210,-120
200,6,214,-118
200,6,218,-115
200,6,221,-113
200,6,224,-110
200,6,227,-108
200,6,233,-100
200,6,237,-90
200,6,243,-70
200,6,246,-50
194,6,208,-120
194,6,211,-118
194,6,215,-115
194,6,217,-113
194,6,220,-110
194,6,222,-108
194,6,229,-100
194,6,234,-90
194,6,240,-70
194,6,243,-50
1,7,0,0
1,7,255,17.1
2,7,0,0
2,7,255,17.17
3,7,0,-0.69
3,7,255,0.676
7,7,0,0
7,7,255,1030
8,7,0,0
8,7,6,14.5
8,7,48,114.5
8,7,93,214.5
8,7,135,314.5
8,7,255,581.2
10,7,0,0
10,7,255,1030
15,7,16,150
15,7,20,140
15,7,30,125
15,7,45,109
15,7,62,97
15,7,79,88
15,7,194,40
15,7,226,24
15,7,243,10
15,7,252,0
19,7,0,99.99
19,7,33,99.99
19,7,35,95
19,7,37,90
19,7,43,85
19,7,48,80
19,7,55,75
19,7,154,40
19,7,171,35
19,7,177,30
19,7,181,25
19,7,255,25
21,7,0,70
21,7,25,70
21,7,34,60
21,7,47,50
21,7,64,40
21,7,86,30
21,7,113,20
21,7,144,10
21,7,175,0
21,7,203,-10
21,7,255,-45
27,7,0,150
27,7,12,115
27,7,22,95
27,7,35,80
27,7,55,65
27,7,86,50
27,7,173,20
27,7,212,5
27,7,238,-10
27,7,255,-30
28,7,0,-0.229
28,7,83,-0.1
28,7,128,0
28,7,173,0.1
28,7,255,0.23
29,7,0,-0.229
29,7,83,-0.1
29,7,128,0
29,7,173,0.1
29,7,255,0.23
30,7,0,0
30,7,255,255
31,7,0,0
31,7,255,6.78
32,7,0,74
32,7,49,100
32,7,113,300
32,7,255,723
41,7,0,-120
41,7,101,-120
41,7,116,-100
41,7,144,-60
41,7,171,-20
41,7,184,0
41,7,196,20
41,7,220,60
41,7,243,100
41,7,255,121
47,7,0,160
47,7,21,75
47,7,34,60
47,7,46,50
47,7,98,25
47,7,174,0
47,7,225,-20
47,7,245,-33
47,7,255,-45
48,7,0,143
48,7,15,143
48,7,33,113
48,7,57,93
48,7,94,73
48,7,169,43
48,7,193,33
48,7,226,13
48,7,244,-7
48,7,251,-27
48,7,255,-40
60,7,0,0
60,7,255,6.24
61,7,0,0
61,7,222,15.03
61,7,255,17.26
62,7,0,0
62,7,37,0.061
62,7,47,0.106
62,7,124,0.5
62,7,166,0.706
62,7,224,1
62,7,255,1.15
63,7,0,55
63,7,40,55
63,7,47,50
63,7,55,45
63,7,63,40
63,7,74,35
63,7,86,30
63,7,142,10
63,7,149,-5
63,7,214,-15
63,7,233,-25
63,7,255,-25
66,7,0,0
66,7,3,0
66,7,74,1000
66,7,146,2000
66,7,218,3000
66,7,255,3504
67,7,0,0
67,7,3,0
67,7,74,1000
67,7,147,2000
67,7,219,3000
67,7,255,3485
68,7,0,0
68,7,3,0
68,7,77,1000
68,7,152,2000
68,7,205,2700
68,7,255,3367
69,7,0,0
69,7,3,0
69,7,24,100
69,7,47,200
69,7,72,300
69,7,119,500
69,7,167,700
69,7,255,1060
78,7,0,0
78,7,255,6.242
79,7,0,0
79,7,255,6.23
80,7,0,0
80,7,255,33.06
81,7,0,0
81,7,255,15.04
82,7,0,0
82,7,255,9.97
83,7,0,0
83,7,255,6.212
84,7,0,0
84,7,255,27.11
85,7,0,0
85,7,255,6.203
86,7,0,0
86,7,255,6.216
87,7,0,160
87,7,3,150
87,7,21,75
87,7,29,65
87,7,40,55
87,7,54,45
87,7,74,35
87,7,173,0
87,7,213,-15
87,7,238,-30
87,7,255,-53
88,7,0,0
88,7,255,24.11
89,7,0,40
89,7,73,40
89,7,84,33
89,7,97,27
89,7,104,24
89,7,115,20
89,7,130,15
89,7,147,10
89,7,165,5
89,7,187,0
89,7,207,-5
89,7,228,-10
89,7,255,-16
90,7,0,0
90,7,255,1.515
91,7,0,0
91,7,255,15.51
92,7,0,-120
92,7,101,-120
92,7,116,-100
92,7,130,-80
92,7,144,-60
92,7,158,-40
92,7,171,-20
92,7,184,0
92,7,196,20
92,7,208,40
92,7,220,60
92,7,232,80
92,7,243,100
92,7,255,120
93,7,0,40
93,7,73,40
93,7,84,33
93,7,97,27
93,7,104,24
93,7,115,20
93,7,130,15
93,7,147,10
93,7,165,5
93,7,187,0
93,7,207,-5
93,7,228,-10
93,7,255,-16
94,7,0,0
94,7,255,6.298
95,7,0,0
95,7,255,6.197
96,7,0,0
96,7,255,15.47
97,7,0,0
97,7,255,16.01
98,7,0,0
98,7,255,27.19
99,7,0,0
99,7,255,1.515
100,7,0,0
100,7,255,6.223
101,7,0,0
101,7,3,0
101,7,8,200
101,7,20,487
101,7,42,1008
101,7,83,1990
101,7,125,3001
101,7,167,4001
101,7,209,5004
101,7,255,6122
104,7,0,-139
104,7,7,-143
104,7,20,-152.3
104,7,40,-161.85
104,7,46,-164.1
104,7,60,-168.95
104,7,80,-174.25
104,7,84,-175.15
104,7,100,-178.8
104,7,103,-179.5
104,7,106,-180.1
104,7,117,-182.4
104,7,119,-182.65
104,7,120,-182.86
104,7,124,-183.7
104,7,140,-186.35
104,7,148,-187.5
104,7,160,-189.3
104,7,180,-193.3
104,7,200,-198
104,7,220,-203.4
104,7,240,-210
104,7,250,-215
104,7,255,-217
105,7,0,0
105,7,255,15.3
106,7,0,-18.72
106,7,255,1.731
107,7,0,0
107,7,250,11.665
107,7,251,28
107,7,255,28
109,7,0,0
109,7,255,10.2
112,7,0,-5.166
112,7,255,4.534
113,7,0,290.38
113,7,20,133.77
113,7,40,105.79
113,7,60,89.54
113,7,80,77.6
113,7,100,67.78
113,7,120,59.08
113,7,140,50.93
113,7,160,42.9
113,7,180,33.57
113,7,200,25.35
113,7,220,14.08
113,7,240,-2.82
113,7,250,-19
113,7,255,-33.06
114,7,0,10.97
114,7,20,11.88
114,7,40,12.84
114,7,60,13.79
114,7,80,14.73
114,7,100,15.67
114,7,120,16.61
114,7,140,17.54
114,7,160,18.48
114,7,180,19.41
114,7,200,20.34
114,7,220,21.28
114,7,240,22.22
114,7,250,22.69
114,7,255,22.92
115,7,0,18.68
115,7,20,19.57
115,7,40,20.5
115,7,60,21.44
115,7,80,22.37
115,7,100,23.37
115,7,120,24.26
115,7,140,25.21
115,7,160,26.17
115,7,180,27.14
115,7,200,28.11
115,7,220,29.09
115,7,240,30.09
115,7,250,30.59
115,7,255,30.84
116,7,0,26.4
116,7,20,27.26
116,7,40,28.18
116,7,60,29.1
116,7,80,30.03
116,7,100,30.97
116,7,120,31.92
116,7,140,32.88
116,7,160,33.86
116,7,180,34.85
116,7,200,35.86
116,7,222,36.89
116,7,240,37.93
116,7,250,38.46
116,7,255,38.72
117,7,0,-69.55
117,7,20,-44.77
117,7,40,-34.25
117,7,60,-26.83
117,7,80,-20.67
117,7,100,-15.1
117,7,120,-9.76
117,7,140,-4.39
117,7,160,1.27
117,7,180,7.52
117,7,200,14.86
117,7,220,24.28
117,7,240,38.51
117,7,250,50.25
117,7,255,59.08
118,7,0,-60.18
118,7,20,-15.65
118,7,40,-2.44
118,7,60,6.22
118,7,80,12.96
118,7,100,18.64
118,7,120,23.68
118,7,140,28.3
118,7,160,32.63
118,7,180,36.78
118,7,200,40.82
118,7,220,44.8
118,7,240,48.79
118,7,250,50.8
118,7,255,51.81
119,7,0,-61.39
119,7,20,-17.77
119,7,40,-4.77
119,7,60,3.75
119,7,80,18.39
119,7,100,15.99
119,7,120,20.96
119,7,140,25.5
119,7,160,29.76
119,7,180,33.84
119,7,200,37.81
119,7,220,41.73
119,7,240,45.65
119,7,250,47.62
119,7,255,48.62
120,7,0,-61.78
120,7,20,-17.86
120,7,40,-4.83
120,7,60,3.71
120,7,80,10.35
120,7,100,15.96
120,7,120,20.92
120,7,140,21.47
120,7,160,29.74
120,7,180,33.82
120,7,200,37.79
120,7,220,41.72
120,7,240,45.64
120,7,250,47.61
120,7,255,48.61
121,7,0,-60.94
121,7,20,-16.73
121,7,40,-3.66
121,7,60,4.91
121,7,80,11.57
121,7,100,17.19
121,7,120,22.17
121,7,140,26.73
121,7,160,31.01
121,7,180,35.11
121,7,200,39.1
121,7,220,43.04
121,7,240,46.97
121,7,250,48.96
121,7,255,49.96
122,7,0,-60.6
122,7,20,-16.3
122,7,40,-3.17
122,7,60,5.44
122,7,80,12.14
122,7,100,17.8
122,7,120,22.81
122,7,140,27.4
122,7,160,31.71
122,7,180,35.83
122,7,200,39.85
122,7,220,43.81
122,7,240,47.77
122,7,250,49.77
122,7,255,50.78
123,7,0,-62.12
123,7,20,-17.66
123,7,40,-4.29
123,7,60,4.5
123,7,80,11.36
123,7,100,17.16
123,7,120,22.3
123,7,140,27.02
123,7,160,31.45
123,7,180,35.69
123,7,200,39.82
123,7,220,43.91
123,7,240,47.99
123,7,250,50.05
123,7,255,51.09
124,7,0,-179.91
124,7,20,-177.69
124,7,40,-175.13
124,7,60,-172.33
124,7,80,-169.25
124,7,100,-165.84
124,7,120,-162.02
124,7,140,-157.7
124,7,160,-152.73
124,7,180,-146.87
124,7,200,-139.75
124,7,220,-130.72
124,7,240,-118.31
124,7,250,-109.66
124,7,255,-104.07
125,7,0,-51.62
125,7,20,-3.79
125,7,40,11
125,7,60,21.04
125,7,80,29.16
125,7,100,36.32
125,7,120,42.99
125,7,140,49.44
125,7,160,55.92
125,7,180,62.63
125,7,200,69.81
125,7,220,77.8
125,7,240,87.12
125,7,250,92.56
125,7,255,95.55
126,7,0,24.75
126,7,20,25.76
126,7,40,26.82
126,7,60,27.9
126,7,80,28.98
126,7,100,30.08
126,7,120,31.2
126,7,140,32.32
126,7,160,33.47
126,7,180,34.64
126,7,200,35.82
126,7,220,37.03
126,7,240,38.27
126,7,250,38.9
126,7,255,39.22
127,7,0,15.18
127,7,20,16.23
127,7,40,17.33
127,7,60,18.43
127,7,80,19.53
127,7,100,20.64
127,7,120,21.74
127,7,140,22.85
127,7,160,23.96
127,7,180,25.08
127,7,200,26.21
127,7,220,27.35
127,7,240,28.5
127,7,250,29.08
127,7,255,29.38
128,7,0,5.32
128,7,20,6.43
128,7,40,7.59
128,7,60,8.72
128,7,80,9.84
128,7,100,10.95
128,7,120,12.04
128,7,140,13.13
128,7,160,14.21
128,7,180,15.28
128,7,200,16.35
128,7,220,17.41
128,7,240,18.48
128,7,250,19.01
128,7,255,19.27
131,7,0,0
131,7,232,12.48
131,7,233,12.5
131,7,234,12.52
131,7,255,20
132,7,0,0
132,7,25,0
132,7,34,200
132,7,61,500
132,7,83,750
132,7,105,1000
132,7,150,1500
132,7,195,2000
132,7,240,2500
132,7,255,2650
133,7,0,0
133,7,248,6.553
133,7,255,6.737
134,7,0,64.07
134,7,20,65.22
134,7,40,66.44
134,7,60,67.65
134,7,80,68.88
134,7,100,70.11
134,7,120,71.34
134,7,140,72.59
134,7,160,73.84
134,7,180,75.1
134,7,200,76.38
134,7,220,77.67
134,7,240,78.98
134,7,250,79.64
134,7,255,79.97
135,7,0,74.16
135,7,20,75.29
135,7,40,76.49
135,7,60,77.7
135,7,80,78.92
135,7,100,80.16
135,7,120,81.41
135,7,140,82.68
135,7,160,83.97
135,7,180,85.28
135,7,200,86.62
135,7,220,87.97
135,7,240,89.36
135,7,250,90.06
135,7,255,90.41
136,7,0,51.1
136,7,20,55.27
136,7,40,56.51
136,7,60,57.73
136,7,80,58.95
136,7,100,60.17
136,7,120,61.38
136,7,140,62.59
136,7,160,63.8
136,7,180,65.02
136,7,200,66.23
136,7,220,67.45
136,7,240,68.67
136,7,250,69.29
136,7,255,69.6
144,7,0,0
144,7,255,5.1
145,7,0,0
145,7,27,0
145,7,28,0.007
145,7,255,3.28
150,7,0,0
150,7,255,99.99
160,7,0,0
160,7,53,1.06
160,7,122,2.44
160,7,180,3.6
160,7,238,4.76
160,7,255,5.09
193,7,0,-120
193,7,185,-120
193,7,191,-118
193,7,199,-115
193,7,203,-113
193,7,209,-110
193,7,211,-108
193,7,222,-100
193,7,230,-90
193,7,241,-70
193,7,245,-50
193,7,255,-50
195,7,0,0
195,7,191,2180
195,7,255,2915
196,7,0,0
196,7,176,1765
196,7,255,2564
197,7,0,60
197,7,32,60
197,7,58,45
197,7,80,35
197,7,107,25
197,7,130,15
197,7,157,5
197,7,195,-10
197,7,203,-15
197,7,220,-25
197,7,233,-40
197,7,255,-40
199,7,0,150
199,7,89,150
199,7,98,120
199,7,106,100
199,7,116,50
199,7,123,20
199,7,128,0
199,7,132,-20
199,7,139,-50
199,7,149,-100
199,7,158,-150
199,7,255,-150
200,7,0,-120
200,7,205,-120
200,7,209,-118
200,7,214,-115
200,7,217,-113
200,7,221,-110
200,7,223,-108
200,7,231,-100
200,7,236,-90
200,7,243,-70
200,7,246,-50
200,7,255,-50
194,7,0,-120
194,7,185,-120
194,7,191,-118
194,7,199,-115
194,7,203,-113
194,7,209,-110
194,7,211,-108
194,7,222,-100
194,7,230,-90
194,7,241,-70
194,7,245,-50
194,7,255,-50
